time(sec), p_des[0], p_des[1], p_meas[0], p_meas[1]
0.006, 0, 0, 0, 0
0.01, 0, 0, 0, 0
0.015, 0, 0, 0, 0
0.02, 0, 0, 0, 0
0.025, 0, 0, 0, 0
0.03, 0, 0, 0, 0
0.035, 0, 0, 0, 0
0.04, 0, 0, 0, 0
0.045, 0, 0, 0, 0
0.05, 0, 0, 0, 0
0.055, 0, 0, 0, 0
0.06, 0, 0, 0, 0
0.065, 0, 0, 0, 0
0.071, 0, 0, 0, 0
0.076, 0, 0, 0, 0
0.08, 0, 0, 0, 0
0.085, 0, 0, 0, 0
0.091, 0, 0, 0, 0
0.096, 0, 0, 0, 0
0.1, 0, 0, 0, 0
0.105, 0, 0, 0, 0
0.111, 0, 0, 0, 0
0.116, 0, 0, 0, 0
0.12, 0, 0, 0, 0
0.125, 0, 0, 0, 0
0.131, 0, 0, 0, 0
0.135, 0, 0, 0, 0
0.141, 0, 0, 0, 0
0.146, 0, 0, 0, 0
0.151, 0, 0, 0, 0
0.155, 0, 0, 0, 0
0.16, 0, 0, 0, 0
0.165, 0, 0, 0, 0
0.17, 0, 0, 0, 0
0.175, 0, 0, 0, 0
0.18, 0, 0, 0, 0
0.185, 0, 0, 0, 0
0.19, 0, 0, 0, 0
0.195, 0, 0, 0, 0
0.2, 0, 0, 0, 0
0.205, 0, 0, 0, 0
0.211, 0, 0, 0, 0
0.215, 0, 0, 0, 0
0.22, 0, 0, 0, 0
0.225, 0, 0, 0, 0
0.23, 0, 0, 0, 0
0.235, 0, 0, 0, 0
0.24, 0, 0, 0, 0
0.245, 0, 0, 0, 0
0.25, 0, 0, 0, 0
0.255, 0, 0, 0, 0
0.26, 0, 0, 0, 0
0.265, 0, 0, 0, 0
0.27, 0, 0, 0, 0
0.277, 0, 0, 0, 0
0.281, 0, 0, 0, 0
0.286, 0, 0, 0, 0
0.292, 0, 0, 0, 0
0.296, 0, 0, 0, 0
0.301, 0, 0, 0, 0
0.305, 0, 0, 0, 0
0.31, 0, 0, 0, 0
0.316, 0, 0, 0, 0
0.32, 0, 0, 0, 0
0.325, 0, 0, 0, 0
0.331, 0, 0, 0, 0
0.336, 0, 0, 0, 0
0.341, 0, 0, 0, 0
0.346, 0, 0, 0, 0
0.351, 0, 0, 0, 0
0.356, 0, 0, 0, 0
0.361, 0, 0, 0, 0
0.366, 0, 0, 0, 0
0.37, 0, 0, 0, 0
0.376, 0, 0, 0, 0
0.381, 0, 0, 0, 0
0.386, 0, 0, 0, 0
0.39, 0, 0, 0, 0
0.396, 0, 0, 0, 0
0.4, 0, 0, 0, 0
0.406, 0, 0, 0, 0
0.41, 0, 0, 0, 0
0.416, 0, 0, 0, 0
0.421, 0, 0, 0, 0
0.426, 0, 0, 0, 0
0.43, 0, 0, 0, 0
0.435, 0, 0, 0, 0
0.44, 0, 0, 0, 0
0.445, 0, 0, 0, 0
0.45, 0, 0, 0, 0
0.455, 0, 0, 0, 0
0.46, 0, 0, 0, 0
0.465, 0, 0, 0, 0
0.47, 0, 0, 0, 0
0.476, 0, 0, 0, 0
0.481, 0, 0, 0, 0
0.486, 0, 0, 0, 0
0.49, 0, 0, 0, 0
0.496, 0, 0, 0, 0
0.5, 0, 0, 0, 0
0.505, 0, 0, 0, 0
0.51, 0, 0, 0, 0
0.516, 0, 0, 0, 0
0.52, 0, 0, 0, 0
0.525, 0, 0, 0, 0
0.531, 0, 0, 0, 0
0.535, 0, 0, 0, 0
0.54, 0, 0, 0, 0
0.546, 0, 0, 0, 0
0.551, 0, 0, 0, 0
0.556, 0, 0, 0, 0
0.561, 0, 0, 0, 0
0.566, 0, 0, 0, 0
0.57, 0, 0, 0, 0
0.576, 0, 0, 0, 0
0.58, 0, 0, 0, 0
0.585, 0, 0, 0, 0
0.591, 0, 0, 0, 0
0.596, 0, 0, 0, 0
0.6, 0, 0, 0, 0
0.606, 0, 0, 0, 0
0.611, 0, 0, 0, 0
0.616, 0, 0, 0, 0
0.62, 0, 0, 0, 0
0.626, 0, 0, 0, 0
0.631, 0, 0, 0, 0
0.636, 0, 0, 0, 0
0.641, 0, 0, 0, 0
0.646, 0, 0, 0, 0
0.651, 0, 0, 0, 0
0.656, 0, 0, 0, 0
0.661, 0, 0, 0, 0
0.666, 0, 0, 0, 0
0.671, 0, 0, 0, 0
0.676, 0, 0, 0, 0
0.681, 0, 0, 0, 0
0.686, 0, 0, 0, 0
0.692, 0, 0, 0, 0
0.696, 0, 0, 0, 0
0.701, 0, 0, 0, 0
0.706, 0, 0, 0, 0
0.71, 0, 0, 0, 0
0.716, 0, 0, 0, 0
0.721, 0, 0, 0, 0
0.725, 0, 0, 0, 0
0.73, 0, 0, 0, 0
0.735, 0, 0, 0, 0
0.74, 0, 0, 0, 0
0.745, 0, 0, 0, 0
0.75, 0, 0, 0, 0
0.755, 0, 0, 0, 0
0.76, 0, 0, 0, 0
0.765, 0, 0, 0, 0
0.77, 0, 0, 0, 0
0.775, 0, 0, 0, 0
0.78, 0, 0, 0, 0
0.785, 0, 0, 0, 0
0.79, 0, 0, 0, 0
0.796, 0, 0, 0, 0
0.801, 0, 0, 0, 0
0.805, 0, 0, 0, 0
0.81, 0, 0, 0, 0
0.816, 0, 0, 0, 0
0.821, 0, 0, 0, 0
0.825, 0, 0, 0, 0
0.831, 0, 0, 0, 0
0.836, 0, 0, 0, 0
0.84, 0, 0, 0, 0
0.846, 0, 0, 0, 0
0.851, 0, 0, 0, 0
0.856, 0, 0, 0, 0
0.86, 0, 0, 0, 0
0.866, 0, 0, 0, 0
0.871, 0, 0, 0, 0
0.875, 0, 0, 0, 0
0.88, 0, 0, 0, 0
0.885, 0, 0, 0, 0
0.89, 0, 0, 0, 0
0.895, 0, 0, 0, 0
0.901, 0, 0, 0, 0
0.905, 0, 0, 0, 0
0.91, 0, 0, 0, 0
0.916, 0, 0, 0, 0
0.921, 0, 0, 0, 0
0.925, 0, 0, 0, 0
0.931, 0, 0, 0, 0
0.936, 0, 0, 0, 0
0.94, 0, 0, 0, 0
0.946, 0, 0, 0, 0
0.951, 0, 0, 0, 0
0.957, 0, 0, 0, 0
0.961, 0, 0, 0, 0
0.966, 0, 0, 0, 0
0.97, 0, 0, 0, 0
0.976, 0, 0, 0, 0
0.98, 0, 0, 0, 0
0.986, 0, 0, 0, 0
0.99, 0, 0, 0, 0
0.996, 0, 0, 0, 0
1.001, 0, 0, 0, 0
1.005, 0, 0, 0, 0
1.01, 0, 0, 0, 0
1.016, 0, 0, 0, 0
1.021, 0, 0, 0, 0
1.025, 0, 0, 0, 0
1.03, 0, 0, 0, 0
1.035, 0, 0, 0, 0
1.04, 0, 0, 0, 0
1.045, 0, 0, 0, 0
1.05, 0, 0, 0, 0
1.055, 0, 0, 0, 0
1.061, 0, 0, 0, 0
1.065, 0, 0, 0, 0
1.07, 0, 0, 0, 0
1.075, 0, 0, 0, 0
1.081, 0, 0, 0, 0
1.086, 0, 0, 0, 0
1.092, 0, 0, 0, 0
1.096, 0, 0, 0, 0
1.101, 0, 0, 0, 0
1.106, 0, 0, 0, 0
1.111, 0, 0, 0, 0
1.116, 0, 0, 0, 0
1.121, 0, 0, 0, 0
1.125, 0, 0, 0, 0
1.13, 0, 0, 0, 0
1.136, 0, 0, 0, 0
1.14, 0, 0, 0, 0
1.145, 0, 0, 0, 0
1.15, 0, 0, 0, 0
1.155, 0, 0, 0, 0
1.16, 0, 0, 0, 0
1.165, 0, 0, 0, 0
1.17, 0, 0, 0, 0
1.175, 0, 0, 0, 0
1.181, 0, 0, 0, 0
1.185, 0, 0, 0, 0
1.19, 0, 0, 0, 0
1.196, 0, 0, 0, 0
1.2, 0, 0, 0, 0
1.205, 0, 0, 0, 0
1.21, 0, 0, 0, 0
1.216, 0, 0, 0, 0
1.221, 0, 0, 0, 0
1.226, 0, 0, 0, 0
1.231, 0, 0, 0, 0
1.235, 0, 0, 0, 0
1.24, 0, 0, 0, 0
1.245, 0, 0, 0, 0
1.25, 0, 0, 0, 0
1.255, 0, 0, 0, 0
1.26, 0, 0, 0, 0
1.265, 0, 0, 0, 0
1.271, 0, 0, 0, 0
1.276, 0, 0, 0, 0
1.281, 0, 0, 0, 0
1.286, 0, 0, 0, 0
1.29, 0, 0, 0, 0
1.296, 0, 0, 0, 0
1.301, 0, 0, 0, 0
1.305, 0, 0, 0, 0
1.31, 0, 0, 0, 0
1.316, 0, 0, 0, 0
1.32, 0, 0, 0, 0
1.325, 0, 0, 0, 0
1.33, 0, 0, 0, 0
1.336, 0, 0, 0, 0
1.34, 0, 0, 0, 0
1.346, 0, 0, 0, 0
1.351, 0, 0, 0, 0
1.356, 0, 0, 0, 0
1.361, 0, 0, 0, 0
1.366, 0, 0, 0, 0
1.371, 0, 0, 0, 0
1.376, 0, 0, 0, 0
1.381, 0, 0, 0, 0
1.386, 0, 0, 0, 0
1.391, 0, 0, 0, 0
1.396, 0, 0, 0, 0
1.401, 0, 0, 0, 0
1.405, 0, 0, 0, 0
1.411, 0, 0, 0, 0
1.416, 0, 0, 0, 0
1.421, 0, 0, 0, 0
1.425, 0, 0, 0, 0
1.431, 0, 0, 0, 0
1.435, 0, 0, 0, 0
1.441, 0, 0, 0, 0
1.445, 0, 0, 0, 0
1.45, 0, 0, 0, 0
1.455, 0, 0, 0, 0
1.46, 0, 0, 0, 0
1.465, 0, 0, 0, 0
1.47, 0, 0, 0, 0
1.475, 0, 0, 0, 0
1.481, 0, 0, 0, 0
1.485, 0, 0, 0, 0
1.49, 0, 0, 0, 0
1.495, 0, 0, 0, 0
1.501, 0, 0, 0, 0
1.505, 0, 0, 0, 0
1.511, 0, 0, 0, 0
1.516, 0, 0, 0, 0
1.521, 0, 0, 0, 0
1.525, 0, 0, 0, 0
1.53, 0, 0, 0, 0
1.535, 0, 0, 0, 0
1.54, 0, 0, 0, 0
1.545, 0, 0, 0, 0
1.55, 0, 0, 0, 0
1.555, 0, 0, 0, 0
1.56, 0, 0, 0, 0
1.565, 0, 0, 0, 0
1.571, 0, 0, 0, 0
1.576, 0, 0, 0, 0
1.58, 0, 0, 0, 0
1.586, 0, 0, 0, 0
1.591, 0, 0, 0, 0
1.596, 0, 0, 0, 0
1.601, 0, 0, 0, 0
1.606, 0, 0, 0, 0
1.611, 0, 0, 0, 0
1.616, 0, 0, 0, 0
1.621, 0, 0, 0, 0
1.625, 0, 0, 0, 0
1.63, 0, 0, 0, 0
1.635, 0, 0, 0, 0
1.64, 0, 0, 0, 0
1.646, 0, 0, 0, 0
1.65, 0, 0, 0, 0
1.656, 0, 0, 0, 0
1.661, 0, 0, 0, 0
1.665, 0, 0, 0, 0
1.671, 0, 0, 0, 0
1.676, 0, 0, 0, 0
1.681, 0, 0, 0, 0
1.685, 0, 0, 0, 0
1.691, 0, 0, 0, 0
1.696, 0, 0, 0, 0
1.701, 0, 0, 0, 0
1.706, 0, 0, 0, 0
1.711, 0, 0, 0, 0
1.716, 0, 0, 0, 0
1.721, 0, 0, 0, 0
1.726, 0, 0, 0, 0
1.73, 0, 0, 0, 0
1.735, 0, 0, 0, 0
1.74, 0, 0, 0, 0
1.745, 0, 0, 0, 0
1.75, 0, 0, 0, 0
1.755, 0, 0, 0, 0
1.76, 0, 0, 0, 0
1.765, 0, 0, 0, 0
1.771, 0, 0, 0, 0
1.775, 0, 0, 0, 0
1.781, 0, 0, 0, 0
1.786, 0, 0, 0, 0
1.791, 0, 0, 0, 0
1.796, 0, 0, 0, 0
1.8, 0, 0, 0, 0
1.805, 0, 0, 0, 0
1.81, 0, 0, 0, 0
1.815, 0, 0, 0, 0
1.82, 0, 0, 0, 0
1.825, 0, 0, 0, 0
1.83, 0, 0, 0, 0
1.836, 0, 0, 0, 0
1.84, 0, 0, 0, 0
1.846, 0, 0, 0, 0
1.851, 0, 0, 0, 0
1.856, 0, 0, 0, 0
1.86, 0, 0, 0, 0
1.866, 0, 0, 0, 0
1.871, 0, 0, 0, 0
1.876, 0, 0, 0, 0
1.881, 0, 0, 0, 0
1.886, 0, 0, 0, 0
1.891, 0, 0, 0, 0
1.896, 0, 0, 0, 0
1.901, 0, 0, 0, 0
1.906, 0, 0, 0, 0
1.911, 0, 0, 0, 0
1.916, 0, 0, 0, 0
1.921, 0, 0, 0, 0
1.925, 0, 0, 0, 0
1.93, 0, 0, 0, 0
1.936, 0, 0, 0, 0
1.941, 0, 0, 0, 0
1.946, 0, 0, 0, 0
1.95, 0, 0, 0, 0
1.956, 0, 0, 0, 0
1.961, 0, 0, 0, 0
1.965, 0, 0, 0, 0
1.971, 0, 0, 0, 0
1.976, 0, 0, 0, 0
1.981, 0, 0, 0, 0
1.986, 0, 0, 0, 0
1.99, 0, 0, 0, 0
1.996, 0, 0, 0, 0
2.001, 0, 0, 0, 0
2.005, 0, 0, 0, 0
2.01, 0, 0, 0, 0
2.016, 0, 0, 0, 0
2.021, 0, 0, 0, 0
2.026, 0, 0, 0, 0
2.03, 0, 0, 0, 0
2.035, 0, 0, 0, 0
2.04, 0, 0, 0, 0
2.045, 0, 0, 0, 0
2.051, 0, 0, 0, 0
2.055, 0, 0, 0, 0
2.06, 0, 0, 0, 0
2.065, 0, 0, 0, 0
2.07, 0, 0, 0, 0
2.076, 0, 0, 0, 0
2.081, 0, 0, 0, 0
2.085, 0, 0, 0, 0
2.09, 0, 0, 0, 0
2.095, 0, 0, 0, 0
2.101, 0, 0, 0, 0
2.106, 0, 0, 0, 0
2.111, 0, 0, 0, 0
2.116, 0, 0, 0, 0
2.121, 0, 0, 0, 0
2.126, 0, 0, 0, 0
2.131, 0, 0, 0, 0
2.136, 0, 0, 0, 0
2.141, 0, 0, 0, 0
2.146, 0, 0, 0, 0
2.151, 0, 0, 0, 0
2.156, 0, 0, 0, 0
2.16, 0, 0, 0, 0
2.166, 0, 0, 0, 0
2.171, 0, 0, 0, 0
2.176, 0, 0, 0, 0
2.181, 0, 0, 0, 0
2.186, 0, 0, 0, 0
2.19, 0, 0, 0, 0
2.195, 0, 0, 0, 0
2.2, 0, 0, 0, 0
2.205, 0, 0, 0, 0
2.21, 0, 0, 0, 0
2.215, 0, 0, 0, 0
2.22, 0, 0, 0, 0
2.225, 0, 0, 0, 0
2.23, 0, 0, 0, 0
2.235, 0, 0, 0, 0
2.24, 0, 0, 0, 0
2.245, 0, 0, 0, 0
2.25, 0, 0, 0, 0
2.255, 0, 0, 0, 0
2.26, 0, 0, 0, 0
2.265, 0, 0, 0, 0
2.27, 0, 0, 0, 0
2.276, 0, 0, 0, 0
2.28, 0, 0, 0, 0
2.285, 0, 0, 0, 0
2.291, 0, 0, 0, 0
2.296, 0, 0, 0, 0
2.301, 0, 0, 0, 0
2.306, 0, 0, 0, 0
2.312, 0, 0, 0, 0
2.316, 0, 0, 0, 0
2.321, 0, 0, 0, 0
2.326, 0, 0, 0, 0
2.331, 0, 0, 0, 0
2.335, 0, 0, 0, 0
2.34, 0, 0, 0, 0
2.346, 0, 0, 0, 0
2.35, 0, 0, 0, 0
2.356, 0, 0, 0, 0
2.36, 0, 0, 0, 0
2.365, 0, 0, 0, 0
2.371, 0, 0, 0, 0
2.375, 0, 0, 0, 0
2.38, 0, 0, 0, 0
2.385, 0, 0, 0, 0
2.39, 0, 0, 0, 0
2.396, 0, 0, 0, 0
2.4, 0, 0, 0, 0
2.405, 0, 0, 0, 0
2.41, 0, 0, 0, 0
2.415, 0, 0, 0, 0
2.42, 0, 0, 0, 0
2.425, 0, 0, 0, 0
2.431, 0, 0, 0, 0
2.436, 0, 0, 0, 0
2.441, 0, 0, 0, 0
2.446, 0, 0, 0, 0
2.451, 0, 0, 0, 0
2.456, 0, 0, 0, 0
2.461, 0, 0, 0, 0
2.465, 0, 0, 0, 0
2.47, 0, 0, 0, 0
2.476, 0, 0, 0, 0
2.481, 0, 0, 0, 0
2.485, 0, 0, 0, 0
2.49, 0, 0, 0, 0
2.496, 0, 0, 0, 0
2.5, 0, 0, 0, 0
2.505, 0, 0, 0, 0
2.51, 0, 0, 0, 0
2.516, 0, 0, 0, 0
2.52, 0, 0, 0, 0
2.525, 0, 0, 0, 0
2.53, 0, 0, 0, 0
2.535, 0, 0, 0, 0
2.54, 0, 0, 0, 0
2.545, 0, 0, 0, 0
2.55, 0, 0, 0, 0
2.555, 0, 0, 0, 0
2.561, 0, 0, 0, 0
2.565, 0, 0, 0, 0
2.571, 0, 0, 0, 0
2.576, 0, 0, 0, 0
2.581, 0, 0, 0, 0
2.586, 0, 0, 0, 0
2.591, 0, 0, 0, 0
2.596, 0, 0, 0, 0
2.601, 0, 0, 0, 0
2.605, 0, 0, 0, 0
2.61, 0, 0, 0, 0
2.616, 0, 0, 0, 0
2.621, 0, 0, 0, 0
2.625, 0, 0, 0, 0
2.631, 0, 0, 0, 0
2.635, 0, 0, 0, 0
2.641, 0, 0, 0, 0
2.645, 0, 0, 0, 0
2.651, 0, 0, 0, 0
2.656, 0, 0, 0, 0
2.661, 0, 0, 0, 0
2.665, 0, 0, 0, 0
2.671, 0, 0, 0, 0
2.675, 0, 0, 0, 0
2.681, 0, 0, 0, 0
2.685, 0, 0, 0, 0
2.691, 0, 0, 0, 0
2.695, 0, 0, 0, 0
2.701, 0, 0, 0, 0
2.706, 0, 0, 0, 0
2.711, 0, 0, 0, 0
2.716, 0, 0, 0, 0
2.721, 0, 0, 0, 0
2.726, 0, 0, 0, 0
2.731, 0, 0, 0, 0
2.735, 0, 0, 0, 0
2.74, 0, 0, 0, 0
2.745, 0, 0, 0, 0
2.751, 0, 0, 0, 0
2.755, 0, 0, 0, 0
2.761, 0, 0, 0, 0
2.765, 0, 0, 0, 0
2.77, 0, 0, 0, 0
2.776, 0, 0, 0, 0
2.781, 0, 0, 0, 0
2.785, 0, 0, 0, 0
2.791, 0, 0, 0, 0
2.796, 0, 0, 0, 0
2.801, 0, 0, 0, 0
2.805, 0, 0, 0, 0
2.811, 0, 0, 0, 0
2.816, 0, 0, 0, 0
2.821, 0, 0, 0, 0
2.826, 0, 0, 0, 0
2.831, 0, 0, 0, 0
2.835, 0, 0, 0, 0
2.841, 0, 0, 0, 0
2.846, 0, 0, 0, 0
2.851, 0, 0, 0, 0
2.855, 0, 0, 0, 0
2.86, 0, 0, 0, 0
2.865, 0, 0, 0, 0
2.87, 0, 0, 0, 0
2.876, 0, 0, 0, 0
2.881, 0, 0, 0, 0
2.885, 0, 0, 0, 0
2.89, 0, 0, 0, 0
2.895, 0, 0, 0, 0
2.9, 0, 0, 0, 0
2.905, 0, 0, 0, 0
2.91, 0, 0, 0, 0
2.916, 0, 0, 0, 0
2.92, 0, 0, 0, 0
2.925, 0, 0, 0, 0
2.93, 0, 0, 0, 0
2.935, 0, 0, 0, 0
2.94, 0, 0, 0, 0
2.945, 0, 0, 0, 0
2.95, 0, 0, 0, 0
2.955, 0, 0, 0, 0
2.96, 0, 0, 0, 0
2.965, 0, 0, 0, 0
2.97, 0, 0, 0, 0
2.976, 0, 0, 0, 0
2.981, 0, 0, 0, 0
2.985, 0, 0, 0, 0
2.991, 0, 0, 0, 0
2.996, 0, 0, 0, 0
3, 0, 0, 0, 0
3.005, 0, 0, 0, 0
3.01, 0, 0, 0, 0
3.015, 0, 0, 0, 0
3.02, 0, 0, 0, 0
3.025, 0, 0, 0, 0
3.03, 0, 0, 0, 0
3.036, 0, 0, 0, 0
3.04, 0, 0, 0, 0
3.045, 0, 0, 0, 0
3.051, 0, 0, 0, 0
3.055, 0, 0, 0, 0
3.06, 0, 0, 0, 0
3.065, 0, 0, 0, 0
3.071, 0, 0, 0, 0
3.075, 0, 0, 0, 0
3.08, 0, 0, 0, 0
3.086, 0, 0, 0, 0
3.091, 0, 0, 0, 0
3.096, 0, 0, 0, 0
3.101, 0, 0, 0, 0
3.106, 0, 0, 0, 0
3.111, 0, 0, 0, 0
3.117, 0, 0, 0, 0
3.121, 0, 0, 0, 0
3.126, 0, 0, 0, 0
3.131, 0, 0, 0, 0
3.136, 0, 0, 0, 0
3.14, 0, 0, 0, 0
3.145, 0, 0, 0, 0
3.15, 0, 0, 0, 0
3.155, 0, 0, 0, 0
3.16, 0, 0, 0, 0
3.165, 0, 0, 0, 0
3.171, 0, 0, 0, 0
3.175, 0, 0, 0, 0
3.18, 0, 0, 0, 0
3.185, 0, 0, 0, 0
3.19, 0, 0, 0, 0
3.196, 0, 0, 0, 0
3.201, 0, 0, 0, 0
3.206, 0, 0, 0, 0
3.21, 0, 0, 0, 0
3.216, 0, 0, 0, 0
3.22, 0, 0, 0, 0
3.226, 0, 0, 0, 0
3.23, 0, 0, 0, 0
3.235, 0, 0, 0, 0
3.241, 0, 0, 0, 0
3.246, 0, 0, 0, 0
3.251, 0, 0, 0, 0
3.257, 0, 0, 0, 0
3.261, 0, 0, 0, 0
3.267, 0, 0, 0, 0
3.271, 0, 0, 0, 0
3.276, 0, 0, 0, 0
3.281, 0, 0, 0, 0
3.286, 0, 0, 0, 0
3.29, 0, 0, 0, 0
3.296, 0, 0, 0, 0
3.301, 0, 0, 0, 0
3.306, 0, 0, 0, 0
3.311, 0, 0, 0, 0
3.316, 0, 0, 0, 0
3.321, 0, 0, 0, 0
3.326, 0, 0, 0, 0
3.331, 0, 0, 0, 0
3.336, 0, 0, 0, 0
3.34, 0, 0, 0, 0
3.345, 0, 0, 0, 0
3.351, 0, 0, 0, 0
3.356, 0, 0, 0, 0
3.36, 0, 0, 0, 0
3.366, 0, 0, 0, 0
3.371, 0, 0, 0, 0
3.376, 0, 0, 0, 0
3.381, 0, 0, 0, 0
3.386, 0, 0, 0, 0
3.391, 0, 0, 0, 0
3.396, 0, 0, 0, 0
3.402, 0, 0, 0, 0
3.406, 0, 0, 0, 0
3.41, 0, 0, 0, 0
3.416, 0, 0, 0, 0
3.421, 0, 0, 0, 0
3.425, 0, 0, 0, 0
3.43, 0, 0, 0, 0
3.436, 0, 0, 0, 0
3.44, 0, 0, 0, 0
3.446, 0, 0, 0, 0
3.45, 0, 0, 0, 0
3.456, 0, 0, 0, 0
3.461, 0, 0, 0, 0
3.466, 0, 0, 0, 0
3.47, 0, 0, 0, 0
3.476, 0, 0, 0, 0
3.481, 0, 0, 0, 0
3.486, 0, 0, 0, 0
3.49, 0, 0, 0, 0
3.496, 0, 0, 0, 0
3.501, 0, 0, 0, 0
3.506, 0, 0, 0, 0
3.51, 0, 0, 0, 0
3.516, 0, 0, 0, 0
3.522, 0, 0, 0, 0
3.527, 0, 0, 0, 0
3.531, 0, 0, 0, 0
3.536, 0, 0, 0, 0
3.54, 0, 0, 0, 0
3.545, 0, 0, 0, 0
3.551, 0, 0, 0, 0
3.555, 0, 0, 0, 0
3.56, 0, 0, 0, 0
3.565, 0, 0, 0, 0
3.57, 0, 0, 0, 0
3.576, 0, 0, 0, 0
3.581, 0, 0, 0, 0
3.585, 0, 0, 0, 0
3.591, 0, 0, 0, 0
3.596, 0, 0, 0, 0
3.6, 0, 0, 0, 0
3.606, 0, 0, 0, 0
3.611, 0, 0, 0, 0
3.615, 0, 0, 0, 0
3.62, 0, 0, 0, 0
3.626, 0, 0, 0, 0
3.63, 0, 0, 0, 0
3.635, 0, 0, 0, 0
3.64, 0, 0, 0, 0
3.646, 0, 0, 0, 0
3.651, 0, 0, 0, 0
3.656, 0, 0, 0, 0
3.661, 0, 0, 0, 0
3.666, 0, 0, 0, 0
3.67, 0, 0, 0, 0
3.676, 0, 0, 0, 0
3.681, 0, 0, 0, 0
3.685, 0, 0, 0, 0
3.69, 0, 0, 0, 0
3.696, 0, 0, 0, 0
3.701, 0, 0, 0, 0
3.706, 0, 0, 0, 0
3.71, 0, 0, 0, 0
3.716, 0, 0, 0, 0
3.721, 0, 0, 0, 0
3.725, 0, 0, 0, 0
3.73, 0, 0, 0, 0
3.736, 0, 0, 0, 0
3.741, 0, 0, 0, 0
3.745, 0, 0, 0, 0
3.75, 0, 0, 0, 0
3.755, 0, 0, 0, 0
3.76, 0, 0, 0, 0
3.765, 0, 0, 0, 0
3.771, 0, 0, 0, 0
3.775, 0, 0, 0, 0
3.781, 0, 0, 0, 0
3.786, 0, 0, 0, 0
3.791, 0, 0, 0, 0
3.797, 0, 0, 0, 0
3.801, 0, 0, 0, 0
3.807, 0, 0, 0, 0
3.811, 0, 0, 0, 0
3.816, 0, 0, 0, 0
3.821, 0, 0, 0, 0
3.826, 0, 0, 0, 0
3.831, 0, 0, 0, 0
3.836, 0, 0, 0, 0
3.841, 0, 0, 0, 0
3.845, 0, 0, 0, 0
3.851, 0, 0, 0, 0
3.855, 0, 0, 0, 0
3.86, 0, 0, 0, 0
3.865, 0, 0, 0, 0
3.871, 0, 0, 0, 0
3.875, 0, 0, 0, 0
3.88, 0, 0, 0, 0
3.885, 0, 0, 0, 0
3.89, 0, 0, 0, 0
3.895, 0, 0, 0, 0
3.901, 0, 0, 0, 0
3.905, 0, 0, 0, 0
3.911, 0, 0, 0, 0
3.916, 0, 0, 0, 0
3.921, 0, 0, 0, 0
3.926, 0, 0, 0, 0
3.931, 0, 0, 0, 0
3.937, 0, 0, 0, 0
3.941, 0, 0, 0, 0
3.946, 0, 0, 0, 0
3.951, 0, 0, 0, 0
3.956, 0, 0, 0, 0
3.961, 0, 0, 0, 0
3.965, 0, 0, 0, 0
3.971, 0, 0, 0, 0
3.976, 0, 0, 0, 0
3.981, 0, 0, 0, 0
3.986, 0, 0, 0, 0
3.99, 0, 0, 0, 0
3.996, 0, 0, 0, 0
4.001, 0, 0, 0, 0
4.006, 0, 0, 0, 0
4.01, 0, 0, 0, 0
4.016, 0, 0, 0, 0
4.021, 0, 0, 0, 0
4.026, 0, 0, 0, 0
4.03, 0, 0, 0, 0
4.036, 0, 0, 0, 0
4.041, 0, 0, 0, 0
4.045, 0, 0, 0, 0
4.05, 0, 0, 0, 0
4.056, 0, 0, 0, 0
4.061, 0, 0, 0, 0
4.066, 0, 0, 0, 0
4.071, 0, 0, 0, 0
4.076, 0, 0, 0, 0
4.08, 0, 0, 0, 0
4.085, 0, 0, 0, 0
4.091, 0, 0, 0, 0
4.095, 0, 0, 0, 0
4.1, 0, 0, 0, 0
4.106, 0, 0, 0, 0
4.111, 0, 0, 0, 0
4.116, 0, 0, 0, 0
4.121, 0, 0, 0, 0
4.126, 0, 0, 0, 0
4.131, 0, 0, 0, 0
4.136, 0, 0, 0, 0
4.141, 0, 0, 0, 0
4.146, 0, 0, 0, 0
4.151, 0, 0, 0, 0
4.156, 0, 0, 0, 0
4.161, 0, 0, 0, 0
4.166, 0, 0, 0, 0
4.171, 0, 0, 0, 0
4.176, 0, 0, 0, 0
4.181, 0, 0, 0, 0
4.185, 0, 0, 0, 0
4.191, 0, 0, 0, 0
4.197, 0, 0, 0, 0
4.2, 0, 0, 0, 0
4.206, 0, 0, 0, 0
4.211, 0, 0, 0, 0
4.215, 0, 0, 0, 0
4.22, 0, 0, 0, 0
4.225, 0, 0, 0, 0
4.23, 0, 0, 0, 0
4.235, 0, 0, 0, 0
4.241, 0, 0, 0, 0
4.245, 0, 0, 0, 0
4.25, 0, 0, 0, 0
4.255, 0, 0, 0, 0
4.26, 0, 0, 0, 0
4.265, 0, 0, 0, 0
4.27, 0, 0, 0, 0
4.275, 0, 0, 0, 0
4.28, 0, 0, 0, 0
4.285, 0, 0, 0, 0
4.29, 0, 0, 0, 0
4.295, 0, 0, 0, 0
4.301, 0, 0, 0, 0
4.305, 0, 0, 0, 0
4.31, 0, 0, 0, 0
4.316, 0, 0, 0, 0
4.32, 0, 0, 0, 0
4.325, 0, 0, 0, 0
4.331, 0, 0, 0, 0
4.336, 0, 0, 0, 0
4.341, 0, 0, 0, 0
4.345, 0, 0, 0, 0
4.351, 0, 0, 0, 0
4.356, 0, 0, 0, 0
4.361, 0, 0, 0, 0
4.365, 0, 0, 0, 0
4.37, 0, 0, 0, 0
4.376, 0, 0, 0, 0
4.381, 0, 0, 0, 0
4.386, 0, 0, 0, 0
4.39, 0, 0, 0, 0
4.395, 0, 0, 0, 0
4.4, 0, 0, 0, 0
4.405, 0, 0, 0, 0
4.41, 0, 0, 0, 0
4.415, 0, 0, 0, 0
4.421, 0, 0, 0, 0
4.425, 0, 0, 0, 0
4.43, 0, 0, 0, 0
4.435, 0, 0, 0, 0
4.441, 0, 0, 0, 0
4.445, 0, 0, 0, 0
4.45, 0, 0, 0, 0
4.455, 0, 0, 0, 0
4.46, 0, 0, 0, 0
4.466, 0, 0, 0, 0
4.471, 0, 0, 0, 0
4.476, 0, 0, 0, 0
4.481, 0, 0, 0, 0
4.485, 0, 0, 0, 0
4.49, 0, 0, 0, 0
4.496, 0, 0, 0, 0
4.501, 0, 0, 0, 0
4.505, 0, 0, 0, 0
4.51, 0, 0, 0, 0
4.515, 0, 0, 0, 0
4.52, 0, 0, 0, 0
4.525, 0, 0, 0, 0
4.531, 0, 0, 0, 0
4.536, 0, 0, 0, 0
4.541, 0, 0, 0, 0
4.546, 0, 0, 0, 0
4.551, 0, 0, 0, 0
4.556, 0, 0, 0, 0
4.561, 0, 0, 0, 0
4.566, 0, 0, 0, 0
4.571, 0, 0, 0, 0
4.576, 0, 0, 0, 0
4.581, 0, 0, 0, 0
4.586, 0, 0, 0, 0
4.591, 0, 0, 0, 0
4.596, 0, 0, 0, 0
4.601, 0, 0, 0, 0
4.606, 0, 0, 0, 0
4.611, 0, 0, 0, 0
4.616, 0, 0, 0, 0
4.621, 0, 0, 0, 0
4.625, 0, 0, 0, 0
4.63, 0, 0, 0, 0
4.636, 0, 0, 0, 0
4.641, 0, 0, 0, 0
4.646, 0, 0, 0, 0
4.65, 0, 0, 0, 0
4.655, 0, 0, 0, 0
4.66, 0, 0, 0, 0
4.665, 0, 0, 0, 0
4.67, 0, 0, 0, 0
4.675, 0, 0, 0, 0
4.68, 0, 0, 0, 0
4.686, 0, 0, 0, 0
4.69, 0, 0, 0, 0
4.696, 0, 0, 0, 0
4.701, 0, 0, 0, 0
4.705, 0, 0, 0, 0
4.71, 0, 0, 0, 0
4.716, 0, 0, 0, 0
4.721, 0, 0, 0, 0
4.725, 0, 0, 0, 0
4.731, 0, 0, 0, 0
4.737, 0, 0, 0, 0
4.741, 0, 0, 0, 0
4.746, 0, 0, 0, 0
4.751, 0, 0, 0, 0
4.756, 0, 0, 0, 0
4.76, 0, 0, 0, 0
4.765, 0, 0, 0, 0
4.77, 0, 0, 0, 0
4.775, 0, 0, 0, 0
4.78, 0, 0, 0, 0
4.785, 0, 0, 0, 0
4.791, 0, 0, 0, 0
4.796, 0, 0, 0, 0
4.801, 0, 0, 0, 0
4.806, 0, 0, 0, 0
4.811, 0, 0, 0, 0
4.815, 0, 0, 0, 0
4.82, 0, 0, 0, 0
4.826, 0, 0, 0, 0
4.831, 0, 0, 0, 0
4.836, 0, 0, 0, 0
4.841, 0, 0, 0, 0
4.846, 0, 0, 0, 0
4.851, 0, 0, 0, 0
4.856, 0, 0, 0, 0
4.861, 0, 0, 0, 0
4.866, 0, 0, 0, 0
4.872, 0, 0, 0, 0
4.877, 0, 0, 0, 0
4.881, 0, 0, 0, 0
4.886, 0, 0, 0, 0
4.891, 0, 0, 0, 0
4.896, 0, 0, 0, 0
4.9, 0, 0, 0, 0
4.906, 0, 0, 0, 0
4.91, 0, 0, 0, 0
4.916, 0, 0, 0, 0
4.921, 0, 0, 0, 0
4.925, 0, 0, 0, 0
4.93, 0, 0, 0, 0
4.936, 0, 0, 0, 0
4.941, 0, 0, 0, 0
4.945, 0, 0, 0, 0
4.95, 0, 0, 0, 0
4.956, 0, 0, 0, 0
4.96, 0, 0, 0, 0
4.965, 0, 0, 0, 0
4.97, 0, 0, 0, 0
4.975, 0, 0, 0, 0
4.98, 0, 0, 0, 0
4.985, 0, 0, 0, 0
4.99, 0, 0, 0, 0
4.995, 0, 0, 0, 0
5, 0, 0, 0, 0
5.006, 0, 0, 0, 0
5.011, 300, 0, 0, 0
5.016, 300, 0, 0, 0
5.02, 300, 0, 0, 0
5.026, 300, 0, 0, 0
5.03, 300, 0, 0, 0
5.036, 300, 0, 0, 0
5.041, 300, 0, 0, 0
5.046, 300, 0, 0, 0
5.05, 300, 0, 0, 0
5.055, 300, 0, 381, 0
5.06, 300, 0, 289, 0
5.066, 300, 0, 162, 0
5.07, 300, 0, 106, 0
5.076, 300, 0, 206, 0
5.08, 300, 0, 293, 0
5.085, 300, 0, 171, 0
5.091, 300, 0, 143, 0
5.096, 300, 0, 307, 0
5.101, 300, 0, 259, 0
5.106, 300, 0, 187, 0
5.111, 300, 0, 177, 0
5.116, 300, 0, 330, 0
5.121, 300, 0, 252, 0
5.126, 300, 0, 204, 0
5.131, 300, 0, 206, 0
5.136, 300, 0, 283, 0
5.141, 300, 0, 279, 0
5.146, 300, 0, 249, 0
5.151, 300, 0, 239, 0
5.157, 300, 0, 234, 0
5.161, 300, 0, 242, 0
5.166, 300, 0, 267, 0
5.171, 300, 0, 267, 0
5.176, 300, 0, 261, 0
5.181, 300, 0, 262, 0
5.185, 300, 0, 266, 0
5.19, 300, 0, 267, 0
5.196, 300, 0, 269, 0
5.2, 300, 0, 267, 0
5.206, 300, 0, 267, 0
5.21, 300, 0, 268, 0
5.216, 300, 0, 269, 0
5.221, 300, 0, 271, 0
5.225, 300, 0, 271, 0
5.23, 300, 0, 272, 0
5.236, 300, 0, 272, 0
5.24, 300, 0, 272, 0
5.245, 300, 0, 273, 0
5.25, 300, 0, 273, 0
5.255, 300, 0, 273, 0
5.26, 0, 300, 274, 0
5.265, 0, 300, 274, 0
5.271, 0, 300, 269, 0
5.276, 0, 300, 255, 0
5.28, 0, 300, 242, 0
5.286, 0, 300, 238, 0
5.291, 0, 300, 236, 0
5.296, 0, 300, 234, 0
5.301, 0, 300, 233, 0
5.305, 0, 300, 232, 460
5.311, 0, 300, 231, 339
5.315, 0, 300, 230, 143
5.321, 0, 300, 217, 110
5.325, 0, 300, 193, 162
5.33, 0, 300, 170, 206
5.336, 0, 300, 159, 153
5.341, 0, 300, 143, 220
5.345, 0, 300, 134, 258
5.35, 0, 300, 124, 209
5.356, 0, 300, 114, 200
5.36, 0, 300, 94, 220
5.365, 0, 300, 80, 229
5.37, 0, 300, 64, 236
5.376, 0, 300, 50, 243
5.381, 0, 300, 44, 244
5.385, 0, 300, 37, 251
5.39, 0, 300, 30, 254
5.396, 0, 300, 27, 255
5.4, 0, 300, 23, 257
5.405, 0, 300, 21, 260
5.411, 0, 300, 19, 262
5.416, 0, 300, 18, 263
5.42, 0, 300, 15, 265
5.426, 0, 300, 15, 267
5.431, 0, 300, 0, 268
5.435, 0, 300, 0, 269
5.441, 0, 300, 0, 270
5.445, 0, 300, 0, 271
5.45, 0, 300, 0, 272
5.455, 0, 300, 0, 273
5.46, 0, 300, 0, 274
5.465, 0, 300, 0, 274
5.47, 0, 300, 0, 275
5.475, 0, 300, 0, 276
5.48, 0, 300, 0, 276
5.485, 0, 300, 0, 277
5.49, 0, 300, 0, 278
5.495, 0, 300, 0, 279
5.501, 0, 300, 0, 279
5.505, 0, 300, 0, 280
5.51, 300, 0, 0, 280
5.515, 300, 0, 0, 280
5.52, 300, 0, 0, 276
5.525, 300, 0, 0, 257
5.531, 300, 0, 0, 246
5.536, 300, 0, 0, 238
5.541, 300, 0, 19, 235
5.547, 300, 0, 20, 232
5.551, 300, 0, 25, 230
5.556, 300, 0, 344, 229
5.56, 300, 0, 149, 229
5.565, 300, 0, 100, 210
5.57, 300, 0, 147, 188
5.576, 300, 0, 413, 168
5.581, 300, 0, 165, 156
5.586, 300, 0, 131, 141
5.59, 300, 0, 278, 133
5.596, 300, 0, 407, 122
5.601, 300, 0, 187, 116
5.605, 300, 0, 167, 102
5.611, 300, 0, 318, 89
5.616, 300, 0, 354, 77
5.621, 300, 0, 208, 62
5.625, 300, 0, 199, 51
5.63, 300, 0, 294, 43
5.635, 300, 0, 303, 35
5.64, 300, 0, 228, 31
5.645, 300, 0, 223, 25
5.65, 300, 0, 258, 23
5.655, 300, 0, 268, 20
5.66, 300, 0, 260, 19
5.665, 300, 0, 259, 17
5.671, 300, 0, 255, 15
5.675, 300, 0, 260, 0
5.68, 300, 0, 263, 0
5.686, 300, 0, 263, 0
5.69, 300, 0, 262, 0
5.695, 300, 0, 263, 0
5.7, 300, 0, 264, 0
5.705, 300, 0, 266, 0
5.71, 300, 0, 267, 0
5.715, 300, 0, 267, 0
5.721, 300, 0, 268, 0
5.725, 300, 0, 268, 0
5.73, 300, 0, 269, 0
5.735, 300, 0, 270, 0
5.741, 300, 0, 271, 0
5.745, 300, 0, 271, 0
5.75, 300, 0, 272, 0
5.755, 300, 0, 272, 0
5.761, 0, 300, 273, 0
5.766, 0, 300, 273, 0
5.77, 0, 300, 262, 0
5.776, 0, 300, 249, 0
5.78, 0, 300, 237, 0
5.785, 0, 300, 234, 0
5.79, 0, 300, 232, 18
5.795, 0, 300, 230, 20
5.801, 0, 300, 229, 38
5.806, 0, 300, 227, 344
5.811, 0, 300, 228, 133
5.816, 0, 300, 224, 118
5.82, 0, 300, 207, 305
5.826, 0, 300, 178, 162
5.83, 0, 300, 164, 138
5.835, 0, 300, 153, 225
5.841, 0, 300, 137, 325
5.846, 0, 300, 129, 210
5.851, 0, 300, 120, 180
5.855, 0, 300, 110, 239
5.861, 0, 300, 89, 280
5.866, 0, 300, 77, 247
5.87, 0, 300, 61, 234
5.875, 0, 300, 52, 231
5.881, 0, 300, 42, 233
5.885, 0, 300, 37, 239
5.891, 0, 300, 30, 240
5.895, 0, 300, 27, 242
5.9, 0, 300, 23, 245
5.906, 0, 300, 21, 252
5.911, 0, 300, 18, 254
5.916, 0, 300, 17, 257
5.921, 0, 300, 15, 260
5.926, 0, 300, 0, 263
5.931, 0, 300, 0, 265
5.936, 0, 300, 0, 268
5.941, 0, 300, 0, 270
5.946, 0, 300, 0, 273
5.951, 0, 300, 0, 275
5.956, 0, 300, 0, 277
5.96, 0, 300, 0, 279
5.966, 0, 300, 0, 281
5.97, 0, 300, 0, 282
5.976, 0, 300, 0, 284
5.981, 0, 300, 0, 286
5.986, 0, 300, 0, 286
5.99, 0, 300, 0, 287
5.996, 0, 300, 0, 287
6, 0, 300, 0, 287
6.005, 0, 300, 0, 286
6.01, 300, 0, 0, 287
6.015, 300, 0, 0, 286
6.02, 300, 0, 0, 281
6.026, 300, 0, 0, 260
6.031, 300, 0, 0, 249
6.036, 300, 0, 0, 240
6.041, 300, 0, 19, 237
6.046, 300, 0, 20, 234
6.05, 300, 0, 27, 232
6.056, 300, 0, 370, 229
6.06, 300, 0, 141, 229
6.066, 300, 0, 96, 215
6.071, 300, 0, 329, 190
6.076, 300, 0, 155, 169
6.081, 300, 0, 120, 158
6.086, 300, 0, 126, 142
6.091, 300, 0, 399, 134
6.096, 300, 0, 201, 123
6.1, 300, 0, 155, 117
6.105, 300, 0, 171, 104
6.111, 300, 0, 399, 92
6.115, 300, 0, 228, 76
6.121, 300, 0, 192, 67
6.125, 300, 0, 209, 53
6.131, 300, 0, 344, 46
6.136, 300, 0, 225, 38
6.141, 300, 0, 217, 33
6.146, 300, 0, 236, 27
6.151, 300, 0, 277, 24
6.156, 300, 0, 265, 21
6.161, 300, 0, 254, 19
6.165, 300, 0, 250, 17
6.171, 300, 0, 251, 17
6.176, 300, 0, 256, 15
6.181, 300, 0, 258, 15
6.185, 300, 0, 256, 0
6.191, 300, 0, 256, 0
6.196, 300, 0, 261, 0
6.201, 300, 0, 263, 0
6.206, 300, 0, 264, 0
6.211, 300, 0, 266, 0
6.216, 300, 0, 266, 0
6.221, 300, 0, 267, 0
6.226, 300, 0, 268, 0
6.231, 300, 0, 269, 0
6.236, 300, 0, 270, 0
6.241, 300, 0, 271, 0
6.246, 300, 0, 272, 0
6.251, 300, 0, 273, 0
6.256, 300, 0, 273, 0
6.26, 0, 300, 275, 0
6.266, 0, 300, 275, 0
6.271, 0, 300, 272, 0
6.276, 0, 300, 257, 0
6.28, 0, 300, 241, 0
6.286, 0, 300, 235, 0
6.291, 0, 300, 233, 21
6.296, 0, 300, 231, 23
6.301, 0, 300, 229, 50
6.306, 0, 300, 228, 362
6.31, 0, 300, 228, 144
6.316, 0, 300, 228, 92
6.321, 0, 300, 220, 124
6.325, 0, 300, 196, 359
6.33, 0, 300, 172, 183
6.337, 0, 300, 160, 143
6.341, 0, 300, 144, 154
6.346, 0, 300, 135, 358
6.351, 0, 300, 124, 230
6.356, 0, 300, 118, 192
6.36, 0, 300, 98, 244
6.365, 0, 300, 86, 281
6.37, 0, 300, 69, 269
6.375, 0, 300, 59, 241
6.38, 0, 300, 46, 241
6.385, 0, 300, 39, 242
6.39, 0, 300, 34, 245
6.395, 0, 300, 29, 247
6.4, 0, 300, 25, 248
6.405, 0, 300, 22, 251
6.41, 0, 300, 20, 255
6.415, 0, 300, 17, 259
6.421, 0, 300, 16, 261
6.425, 0, 300, 15, 263
6.43, 0, 300, 0, 265
6.435, 0, 300, 0, 268
6.44, 0, 300, 0, 270
6.445, 0, 300, 0, 273
6.45, 0, 300, 0, 274
6.455, 0, 300, 0, 275
6.46, 0, 300, 0, 278
6.465, 0, 300, 0, 280
6.471, 0, 300, 0, 281
6.476, 0, 300, 0, 283
6.481, 0, 300, 0, 284
6.486, 0, 300, 0, 285
6.491, 0, 300, 0, 286
6.495, 0, 300, 0, 287
6.501, 0, 300, 0, 286
6.505, 0, 300, 0, 286
6.511, 300, 0, 0, 286
6.516, 300, 0, 0, 286
6.521, 300, 0, 0, 281
6.526, 300, 0, 0, 260
6.531, 300, 0, 0, 249
6.536, 300, 0, 0, 239
6.541, 300, 0, 20, 236
6.546, 300, 0, 21, 233
6.55, 300, 0, 30, 231
6.556, 300, 0, 351, 229
6.56, 300, 0, 142, 229
6.565, 300, 0, 98, 214
6.57, 300, 0, 164, 190
6.575, 300, 0, 331, 168
6.58, 300, 0, 166, 157
6.585, 300, 0, 132, 142
6.59, 300, 0, 216, 134
6.595, 300, 0, 354, 123
6.6, 300, 0, 178, 117
6.606, 300, 0, 162, 106
6.61, 300, 0, 197, 92
6.616, 300, 0, 345, 76
6.621, 300, 0, 220, 66
6.626, 300, 0, 196, 54
6.63, 300, 0, 207, 46
6.635, 300, 0, 356, 38
6.641, 300, 0, 250, 33
6.645, 300, 0, 220, 27
6.65, 300, 0, 230, 24
6.656, 300, 0, 309, 21
6.66, 300, 0, 287, 20
6.665, 300, 0, 256, 18
6.671, 300, 0, 248, 17
6.675, 300, 0, 247, 15
6.68, 300, 0, 258, 15
6.685, 300, 0, 265, 0
6.69, 300, 0, 265, 0
6.695, 300, 0, 265, 0
6.7, 300, 0, 268, 0
6.705, 300, 0, 271, 0
6.71, 300, 0, 273, 0
6.715, 300, 0, 273, 0
6.72, 300, 0, 273, 0
6.725, 300, 0, 273, 0
6.73, 300, 0, 274, 0
6.737, 300, 0, 275, 0
6.741, 300, 0, 276, 0
6.747, 300, 0, 276, 0
6.751, 300, 0, 276, 0
6.756, 300, 0, 276, 0
6.761, 0, 300, 277, 0
6.765, 0, 300, 277, 0
6.771, 0, 300, 271, 0
6.776, 0, 300, 251, 0
6.78, 0, 300, 241, 0
6.785, 0, 300, 237, 0
6.79, 0, 300, 234, 22
6.795, 0, 300, 233, 25
6.8, 0, 300, 230, 45
6.806, 0, 300, 229, 339
6.81, 0, 300, 229, 136
6.816, 0, 300, 228, 94
6.821, 0, 300, 219, 293
6.826, 0, 300, 194, 213
6.83, 0, 300, 171, 152
6.836, 0, 300, 155, 151
6.841, 0, 300, 143, 323
6.845, 0, 300, 134, 217
6.85, 0, 300, 124, 189
6.855, 0, 300, 118, 201
6.861, 0, 300, 98, 255
6.865, 0, 300, 80, 259
6.87, 0, 300, 68, 240
6.876, 0, 300, 58, 239
6.881, 0, 300, 48, 239
6.886, 0, 300, 39, 246
6.891, 0, 300, 34, 248
6.895, 0, 300, 28, 249
6.901, 0, 300, 25, 250
6.906, 0, 300, 23, 256
6.91, 0, 300, 20, 259
6.916, 0, 300, 18, 262
6.921, 0, 300, 16, 265
6.926, 0, 300, 15, 267
6.931, 0, 300, 0, 270
6.935, 0, 300, 0, 273
6.941, 0, 300, 0, 275
6.945, 0, 300, 0, 276
6.95, 0, 300, 0, 278
6.956, 0, 300, 0, 279
6.961, 0, 300, 0, 280
6.965, 0, 300, 0, 281
6.97, 0, 300, 0, 281
6.975, 0, 300, 0, 282
6.98, 0, 300, 0, 283
6.986, 0, 300, 0, 283
6.99, 0, 300, 0, 284
6.996, 0, 300, 0, 284
7.001, 0, 300, 0, 284
7.006, 0, 300, 0, 284
7.012, 300, 0, 0, 284
7.016, 300, 0, 0, 284
7.021, 300, 0, 0, 273
7.026, 300, 0, 0, 260
7.031, 300, 0, 0, 248
7.035, 300, 0, 0, 239
7.04, 300, 0, 21, 236
7.045, 300, 0, 23, 233
7.05, 300, 0, 32, 231
7.055, 300, 0, 344, 228
7.06, 300, 0, 139, 228
7.065, 300, 0, 95, 225
7.07, 300, 0, 210, 189
7.075, 300, 0, 405, 168
7.08, 300, 0, 154, 157
7.085, 300, 0, 126, 142
7.09, 300, 0, 339, 133
7.095, 300, 0, 373, 122
7.1, 300, 0, 181, 117
7.106, 300, 0, 169, 105
7.11, 300, 0, 355, 91
7.115, 300, 0, 316, 76
7.121, 300, 0, 203, 66
7.125, 300, 0, 197, 54
7.13, 300, 0, 324, 46
7.135, 300, 0, 250, 38
7.141, 300, 0, 222, 33
7.146, 300, 0, 220, 27
7.15, 300, 0, 268, 25
7.156, 300, 0, 277, 21
7.161, 300, 0, 258, 19
7.165, 300, 0, 255, 18
7.17, 300, 0, 251, 16
7.175, 300, 0, 254, 15
7.18, 300, 0, 260, 15
7.186, 300, 0, 259, 0
7.191, 300, 0, 257, 0
7.195, 300, 0, 258, 0
7.2, 300, 0, 261, 0
7.205, 300, 0, 262, 0
7.21, 300, 0, 264, 0
7.215, 300, 0, 264, 0
7.22, 300, 0, 265, 0
7.225, 300, 0, 265, 0
7.231, 300, 0, 267, 0
7.236, 300, 0, 268, 0
7.241, 300, 0, 268, 0
7.245, 300, 0, 269, 0
7.251, 300, 0, 270, 0
7.256, 300, 0, 270, 0
7.261, 300, 0, 271, 0
7.266, 0, 300, 272, 0
7.27, 0, 300, 272, 0
7.276, 0, 300, 271, 0
7.28, 0, 300, 251, 0
7.286, 0, 300, 238, 0
7.291, 0, 300, 234, 0
7.296, 0, 300, 231, 20
7.301, 0, 300, 230, 22
7.306, 0, 300, 229, 47
7.31, 0, 300, 227, 365
7.315, 0, 300, 227, 135
7.321, 0, 300, 226, 97
7.326, 0, 300, 220, 277
7.33, 0, 300, 188, 323
7.336, 0, 300, 173, 152
7.341, 0, 300, 155, 137
7.346, 0, 300, 146, 316
7.35, 0, 300, 132, 274
7.356, 0, 300, 125, 190
7.361, 0, 300, 115, 187
7.365, 0, 300, 100, 245
7.37, 0, 300, 82, 259
7.376, 0, 300, 71, 242
7.381, 0, 300, 57, 243
7.386, 0, 300, 46, 245
7.39, 0, 300, 40, 250
7.396, 0, 300, 35, 255
7.401, 0, 300, 28, 256
7.405, 0, 300, 25, 258
7.412, 0, 300, 22, 261
7.417, 0, 300, 19, 263
7.421, 0, 300, 17, 264
7.426, 0, 300, 16, 266
7.431, 0, 300, 15, 267
7.436, 0, 300, 0, 269
7.441, 0, 300, 0, 269
7.445, 0, 300, 0, 271
7.45, 0, 300, 0, 271
7.456, 0, 300, 0, 272
7.461, 0, 300, 0, 273
7.465, 0, 300, 0, 274
7.47, 0, 300, 0, 274
7.475, 0, 300, 0, 275
7.48, 0, 300, 0, 276
7.486, 0, 300, 0, 277
7.49, 0, 300, 0, 277
7.496, 0, 300, 0, 278
7.501, 0, 300, 0, 279
7.506, 0, 300, 0, 279
7.511, 0, 300, 0, 279
7.516, 300, 0, 0, 279
7.521, 300, 0, 0, 279
7.525, 300, 0, 0, 275
7.53, 300, 0, 0, 262
7.536, 300, 0, 0, 245
7.541, 300, 0, 0, 238
7.546, 300, 0, 21, 233
7.551, 300, 0, 22, 231
7.557, 300, 0, 31, 230
7.561, 300, 0, 379, 227
7.565, 300, 0, 147, 227
7.57, 300, 0, 88, 221
7.575, 300, 0, 215, 186
7.58, 300, 0, 396, 172
7.585, 300, 0, 151, 154
7.59, 300, 0, 126, 144
7.596, 300, 0, 152, 132
7.6, 300, 0, 395, 124
7.605, 300, 0, 208, 116
7.61, 300, 0, 168, 108
7.615, 300, 0, 333, 89
7.62, 300, 0, 362, 79
7.626, 300, 0, 226, 65
7.631, 300, 0, 200, 57
7.635, 300, 0, 243, 45
7.64, 300, 0, 300, 40
7.645, 300, 0, 227, 33
7.65, 300, 0, 223, 29
7.655, 300, 0, 246, 24
7.66, 300, 0, 265, 22
7.665, 300, 0, 260, 19
7.67, 300, 0, 260, 18
7.675, 300, 0, 256, 17
7.681, 300, 0, 259, 16
7.686, 300, 0, 264, 15
7.691, 300, 0, 264, 0
7.696, 300, 0, 261, 0
7.7, 300, 0, 262, 0
7.705, 300, 0, 263, 0
7.71, 300, 0, 264, 0
7.715, 300, 0, 266, 0
7.72, 300, 0, 267, 0
7.725, 300, 0, 267, 0
7.73, 300, 0, 269, 0
7.736, 300, 0, 269, 0
7.74, 300, 0, 270, 0
7.746, 300, 0, 271, 0
7.751, 300, 0, 272, 0
7.756, 300, 0, 272, 0
7.761, 300, 0, 273, 0
7.765, 0, 300, 273, 0
7.771, 0, 300, 274, 0
7.776, 0, 300, 269, 0
7.781, 0, 300, 248, 0
7.785, 0, 300, 237, 0
7.79, 0, 300, 234, 0
7.795, 0, 300, 232, 22
7.8, 0, 300, 230, 24
7.806, 0, 300, 229, 47
7.811, 0, 300, 227, 365
7.816, 0, 300, 227, 149
7.821, 0, 300, 225, 106
7.826, 0, 300, 215, 178
7.83, 0, 300, 183, 226
7.836, 0, 300, 168, 169
7.841, 0, 300, 152, 171
7.845, 0, 300, 137, 175
7.85, 0, 300, 128, 208
7.856, 0, 300, 119, 237
7.861, 0, 300, 111, 227
7.865, 0, 300, 96, 229
7.87, 0, 300, 79, 235
7.875, 0, 300, 63, 239
7.88, 0, 300, 54, 241
7.886, 0, 300, 47, 244
7.89, 0, 300, 38, 247
7.895, 0, 300, 33, 250
7.9, 0, 300, 28, 252
7.906, 0, 300, 24, 255
7.911, 0, 300, 21, 257
7.916, 0, 300, 19, 260
7.921, 0, 300, 17, 262
7.926, 0, 300, 15, 265
7.931, 0, 300, 15, 267
7.936, 0, 300, 0, 270
7.941, 0, 300, 0, 272
7.947, 0, 300, 0, 274
7.951, 0, 300, 0, 275
7.956, 0, 300, 0, 275
7.961, 0, 300, 0, 276
7.966, 0, 300, 0, 277
7.97, 0, 300, 0, 277
7.976, 0, 300, 0, 278
7.98, 0, 300, 0, 279
7.985, 0, 300, 0, 279
7.991, 0, 300, 0, 279
7.996, 0, 300, 0, 280
8, 0, 300, 0, 280
8.006, 0, 300, 0, 281
8.011, 0, 300, 0, 281
8.016, 300, 0, 0, 281
8.02, 300, 0, 0, 281
8.025, 300, 0, 0, 277
8.03, 300, 0, 0, 263
8.036, 300, 0, 0, 246
8.041, 300, 0, 0, 238
8.046, 300, 0, 22, 234
8.051, 300, 0, 22, 232
8.056, 300, 0, 29, 229
8.061, 300, 0, 350, 227
8.065, 300, 0, 133, 227
8.07, 300, 0, 83, 222
8.076, 300, 0, 395, 186
8.081, 300, 0, 221, 172
8.086, 300, 0, 141, 155
8.091, 300, 0, 136, 141
8.096, 300, 0, 415, 131
8.1, 300, 0, 212, 124
8.105, 300, 0, 163, 116
8.11, 300, 0, 192, 109
8.115, 300, 0, 387, 90
8.121, 300, 0, 221, 79
8.125, 300, 0, 197, 65
8.13, 300, 0, 218, 56
8.136, 300, 0, 317, 46
8.14, 300, 0, 238, 41
8.145, 300, 0, 219, 33
8.15, 300, 0, 242, 28
8.155, 300, 0, 277, 24
8.16, 300, 0, 265, 22
8.165, 300, 0, 255, 19
8.17, 300, 0, 252, 18
8.176, 300, 0, 251, 17
8.181, 300, 0, 258, 15
8.186, 300, 0, 260, 0
8.19, 300, 0, 258, 0
8.196, 300, 0, 258, 0
8.201, 300, 0, 261, 0
8.205, 300, 0, 262, 0
8.21, 300, 0, 264, 0
8.216, 300, 0, 265, 0
8.221, 300, 0, 265, 0
8.226, 300, 0, 266, 0
8.231, 300, 0, 268, 0
8.236, 300, 0, 268, 0
8.241, 300, 0, 269, 0
8.246, 300, 0, 270, 0
8.251, 300, 0, 271, 0
8.256, 300, 0, 271, 0
8.261, 300, 0, 272, 0
8.265, 0, 300, 273, 0
8.27, 0, 300, 274, 0
8.275, 0, 300, 264, 0
8.28, 0, 300, 251, 0
8.286, 0, 300, 240, 0
8.291, 0, 300, 234, 0
8.296, 0, 300, 232, 25
8.301, 0, 300, 230, 25
8.306, 0, 300, 228, 239
8.311, 0, 300, 227, 358
8.316, 0, 300, 227, 118
8.32, 0, 300, 225, 92
8.326, 0, 300, 219, 303
8.331, 0, 300, 187, 328
8.336, 0, 300, 165, 158
8.341, 0, 300, 155, 145
8.346, 0, 300, 144, 219
8.352, 0, 300, 131, 285
8.357, 0, 300, 124, 206
8.361, 0, 300, 113, 194
8.366, 0, 300, 99, 235
8.371, 0, 300, 82, 270
8.376, 0, 300, 70, 250
8.38, 0, 300, 56, 242
8.385, 0, 300, 49, 241
8.39, 0, 300, 40, 244
8.395, 0, 300, 32, 249
8.4, 0, 300, 29, 251
8.405, 0, 300, 26, 252
8.41, 0, 300, 22, 255
8.415, 0, 300, 20, 260
8.42, 0, 300, 18, 262
8.425, 0, 300, 17, 266
8.43, 0, 300, 15, 268
8.435, 0, 300, 0, 270
8.44, 0, 300, 0, 272
8.446, 0, 300, 0, 275
8.45, 0, 300, 0, 277
8.456, 0, 300, 0, 278
8.461, 0, 300, 0, 279
8.465, 0, 300, 0, 281
8.47, 0, 300, 0, 281
8.475, 0, 300, 0, 282
8.48, 0, 300, 0, 283
8.486, 0, 300, 0, 284
8.491, 0, 300, 0, 284
8.496, 0, 300, 0, 285
8.501, 0, 300, 0, 286
8.506, 0, 300, 0, 286
8.51, 0, 300, 0, 286
8.515, 300, 0, 0, 285
8.52, 300, 0, 0, 285
8.525, 300, 0, 0, 281
8.53, 300, 0, 0, 266
8.535, 300, 0, 0, 249
8.541, 300, 0, 0, 241
8.545, 300, 0, 23, 236
8.55, 300, 0, 22, 234
8.556, 300, 0, 30, 231
8.561, 300, 0, 377, 229
8.565, 300, 0, 147, 228
8.57, 300, 0, 89, 226
8.576, 300, 0, 268, 189
8.58, 300, 0, 167, 175
8.585, 300, 0, 120, 157
8.59, 300, 0, 351, 147
8.596, 300, 0, 305, 133
8.6, 300, 0, 160, 126
8.605, 300, 0, 149, 118
8.61, 300, 0, 407, 111
8.616, 300, 0, 291, 93
8.622, 300, 0, 196, 82
8.626, 300, 0, 190, 67
8.631, 300, 0, 360, 59
8.635, 300, 0, 286, 47
8.64, 300, 0, 217, 42
8.645, 300, 0, 231, 33
8.65, 300, 0, 280, 29
8.656, 300, 0, 270, 25
8.661, 300, 0, 254, 22
8.665, 300, 0, 251, 20
8.67, 300, 0, 246, 19
8.675, 300, 0, 256, 17
8.68, 300, 0, 262, 16
8.685, 300, 0, 262, 15
8.69, 300, 0, 261, 0
8.696, 300, 0, 265, 0
8.701, 300, 0, 267, 0
8.706, 300, 0, 269, 0
8.71, 300, 0, 270, 0
8.715, 300, 0, 271, 0
8.72, 300, 0, 271, 0
8.726, 300, 0, 273, 0
8.731, 300, 0, 274, 0
8.736, 300, 0, 275, 0
8.741, 300, 0, 275, 0
8.746, 300, 0, 276, 0
8.752, 300, 0, 277, 0
8.757, 300, 0, 277, 0
8.762, 300, 0, 277, 0
8.766, 0, 300, 278, 0
8.771, 0, 300, 277, 0
8.776, 0, 300, 272, 0
8.781, 0, 300, 251, 0
8.785, 0, 300, 241, 0
8.791, 0, 300, 235, 0
8.796, 0, 300, 232, 24
8.801, 0, 300, 231, 26
8.805, 0, 300, 230, 57
8.81, 0, 300, 228, 340
8.816, 0, 300, 228, 118
8.821, 0, 300, 226, 92
8.825, 0, 300, 216, 325
8.83, 0, 300, 183, 213
8.836, 0, 300, 169, 140
8.84, 0, 300, 152, 144
8.846, 0, 300, 143, 332
8.85, 0, 300, 129, 222
8.856, 0, 300, 123, 183
8.861, 0, 300, 111, 197
8.865, 0, 300, 98, 261
8.87, 0, 300, 79, 259
8.875, 0, 300, 68, 237
8.881, 0, 300, 55, 237
8.886, 0, 300, 45, 240
8.891, 0, 300, 39, 245
8.897, 0, 300, 34, 248
8.901, 0, 300, 29, 249
8.906, 0, 300, 24, 253
8.91, 0, 300, 22, 257
8.916, 0, 300, 20, 261
8.921, 0, 300, 18, 263
8.925, 0, 300, 16, 267
8.93, 0, 300, 15, 269
8.936, 0, 300, 0, 272
8.941, 0, 300, 0, 274
8.945, 0, 300, 0, 275
8.95, 0, 300, 0, 276
8.956, 0, 300, 0, 277
8.961, 0, 300, 0, 278
8.966, 0, 300, 0, 279
8.971, 0, 300, 0, 279
8.976, 0, 300, 0, 280
8.981, 0, 300, 0, 281
8.986, 0, 300, 0, 282
8.991, 0, 300, 0, 282
8.995, 0, 300, 0, 282
9.001, 0, 300, 0, 283
9.006, 0, 300, 0, 283
9.011, 0, 300, 0, 283
9.016, 300, 0, 0, 283
9.021, 300, 0, 0, 283
9.026, 300, 0, 0, 279
9.031, 300, 0, 0, 265
9.036, 300, 0, 0, 248
9.041, 300, 0, 0, 240
9.045, 300, 0, 22, 235
9.05, 300, 0, 23, 233
9.056, 300, 0, 167, 230
9.061, 300, 0, 379, 228
9.066, 300, 0, 115, 227
9.07, 300, 0, 88, 224
9.075, 300, 0, 100, 189
9.08, 300, 0, 389, 174
9.085, 300, 0, 178, 155
9.09, 300, 0, 127, 146
9.096, 300, 0, 349, 133
9.101, 300, 0, 345, 126
9.105, 300, 0, 197, 117
9.11, 300, 0, 167, 111
9.115, 300, 0, 244, 92
9.121, 300, 0, 302, 81
9.125, 300, 0, 213, 67
9.13, 300, 0, 199, 58
9.136, 300, 0, 266, 47
9.141, 300, 0, 293, 41
9.146, 300, 0, 233, 33
9.151, 300, 0, 222, 30
9.157, 300, 0, 255, 24
9.161, 300, 0, 271, 23
9.166, 300, 0, 260, 20
9.171, 300, 0, 257, 18
9.176, 300, 0, 254, 17
9.181, 300, 0, 257, 16
9.185, 300, 0, 260, 15
9.19, 300, 0, 260, 0
9.196, 300, 0, 259, 0
9.201, 300, 0, 261, 0
9.205, 300, 0, 262, 0
9.211, 300, 0, 264, 0
9.216, 300, 0, 265, 0
9.22, 300, 0, 266, 0
9.225, 300, 0, 266, 0
9.23, 300, 0, 268, 0
9.235, 300, 0, 268, 0
9.24, 300, 0, 269, 0
9.245, 300, 0, 270, 0
9.25, 300, 0, 270, 0
9.255, 300, 0, 271, 0
9.26, 300, 0, 272, 0
9.265, 300, 0, 272, 0
9.27, 0, 300, 273, 0
9.275, 0, 300, 273, 0
9.28, 0, 300, 262, 0
9.285, 0, 300, 249, 0
9.291, 0, 300, 237, 0
9.296, 0, 300, 233, 0
9.301, 0, 300, 231, 22
9.305, 0, 300, 229, 24
9.31, 0, 300, 228, 57
9.315, 0, 300, 227, 335
9.321, 0, 300, 227, 136
9.326, 0, 300, 225, 94
9.33, 0, 300, 204, 262
9.335, 0, 300, 176, 218
9.34, 0, 300, 163, 157
9.345, 0, 300, 152, 151
9.35, 0, 300, 137, 300
9.356, 0, 300, 126, 227
9.361, 0, 300, 120, 194
9.366, 0, 300, 104, 200
9.37, 0, 300, 92, 241
9.375, 0, 300, 80, 253
9.38, 0, 300, 64, 245
9.385, 0, 300, 52, 248
9.391, 0, 300, 45, 250
9.396, 0, 300, 37, 256
9.401, 0, 300, 32, 256
9.406, 0, 300, 29, 258
9.411, 0, 300, 24, 259
9.416, 0, 300, 21, 263
9.421, 0, 300, 19, 264
9.426, 0, 300, 18, 266
9.431, 0, 300, 16, 267
9.436, 0, 300, 15, 268
9.44, 0, 300, 0, 269
9.446, 0, 300, 0, 270
9.451, 0, 300, 0, 271
9.456, 0, 300, 0, 272
9.461, 0, 300, 0, 273
9.466, 0, 300, 0, 274
9.471, 0, 300, 0, 275
9.476, 0, 300, 0, 275
9.481, 0, 300, 0, 276
9.485, 0, 300, 0, 276
9.491, 0, 300, 0, 277
9.496, 0, 300, 0, 277
9.501, 0, 300, 0, 277
9.505, 0, 300, 0, 278
9.511, 0, 300, 0, 278
9.516, 0, 300, 0, 278
9.521, 300, 0, 0, 279
9.526, 300, 0, 0, 279
9.53, 300, 0, 0, 274
9.536, 300, 0, 0, 255
9.541, 300, 0, 0, 244
9.545, 300, 0, 0, 235
9.551, 300, 0, 21, 232
9.556, 300, 0, 22, 230
9.561, 300, 0, 29, 228
9.566, 300, 0, 377, 226
9.571, 300, 0, 144, 226
9.575, 300, 0, 98, 205
9.58, 300, 0, 89, 185
9.585, 300, 0, 399, 165
9.591, 300, 0, 186, 153
9.595, 300, 0, 128, 139
9.6, 300, 0, 171, 132
9.605, 300, 0, 367, 121
9.611, 300, 0, 200, 116
9.616, 300, 0, 166, 102
9.621, 300, 0, 230, 90
9.625, 300, 0, 385, 74
9.63, 300, 0, 219, 65
9.635, 300, 0, 198, 53
9.641, 300, 0, 251, 45
9.645, 300, 0, 328, 38
9.65, 300, 0, 236, 32
9.655, 300, 0, 222, 27
9.66, 300, 0, 251, 24
9.666, 300, 0, 265, 21
9.67, 300, 0, 261, 19
9.676, 300, 0, 259, 18
9.681, 300, 0, 256, 16
9.685, 300, 0, 256, 15
9.692, 300, 0, 262, 0
9.697, 300, 0, 264, 0
9.701, 300, 0, 262, 0
9.706, 300, 0, 263, 0
9.711, 300, 0, 264, 0
9.716, 300, 0, 265, 0
9.721, 300, 0, 267, 0
9.725, 300, 0, 268, 0
9.73, 300, 0, 269, 0
9.736, 300, 0, 270, 0
9.74, 300, 0, 270, 0
9.745, 300, 0, 271, 0
9.75, 300, 0, 272, 0
9.756, 300, 0, 272, 0
9.761, 300, 0, 273, 0
9.766, 300, 0, 273, 0
9.77, 0, 300, 273, 0
9.776, 0, 300, 274, 0
9.78, 0, 300, 268, 0
9.785, 0, 300, 254, 0
9.79, 0, 300, 239, 0
9.796, 0, 300, 233, 0
9.801, 0, 300, 232, 22
9.805, 0, 300, 230, 25
9.811, 0, 300, 228, 46
9.817, 0, 300, 227, 373
9.822, 0, 300, 227, 151
9.827, 0, 300, 224, 98
9.83, 0, 300, 214, 176
9.836, 0, 300, 190, 207
9.841, 0, 300, 168, 190
9.846, 0, 300, 156, 193
9.851, 0, 300, 140, 196
9.856, 0, 300, 129, 197
9.861, 0, 300, 122, 204
9.865, 0, 300, 116, 210
9.87, 0, 300, 96, 214
9.875, 0, 300, 78, 226
9.88, 0, 300, 68, 233
9.885, 0, 300, 55, 240
9.89, 0, 300, 48, 245
9.896, 0, 300, 39, 253
9.9, 0, 300, 34, 257
9.905, 0, 300, 30, 261
9.91, 0, 300, 25, 263
9.915, 0, 300, 22, 266
9.92, 0, 300, 20, 267
9.925, 0, 300, 18, 269
9.93, 0, 300, 16, 270
9.935, 0, 300, 15, 271
9.941, 0, 300, 0, 273
9.945, 0, 300, 0, 274
9.951, 0, 300, 0, 274
9.956, 0, 300, 0, 275
9.961, 0, 300, 0, 276
9.966, 0, 300, 0, 277
9.97, 0, 300, 0, 277
9.976, 0, 300, 0, 278
9.981, 0, 300, 0, 278
9.986, 0, 300, 0, 279
9.991, 0, 300, 0, 279
9.996, 0, 300, 0, 279
10.001, 0, 300, 0, 279
10.005, 0, 300, 0, 280
10.01, 0, 300, 0, 280
10.016, 0, 300, 0, 280
10.021, 300, 0, 0, 280
10.025, 300, 0, 0, 280
10.031, 300, 0, 0, 276
10.035, 300, 0, 0, 257
10.04, 300, 0, 0, 242
10.045, 300, 0, 0, 236
10.05, 300, 0, 21, 233
10.056, 300, 0, 22, 230
10.061, 300, 0, 30, 229
10.065, 300, 0, 334, 226
10.07, 300, 0, 133, 226
10.076, 300, 0, 86, 207
10.081, 300, 0, 305, 186
10.085, 300, 0, 207, 166
10.091, 300, 0, 137, 155
10.096, 300, 0, 119, 140
10.101, 300, 0, 404, 128
10.106, 300, 0, 266, 121
10.111, 300, 0, 169, 116
10.116, 300, 0, 200, 104
10.12, 300, 0, 370, 92
10.125, 300, 0, 260, 75
10.13, 300, 0, 196, 66
10.136, 300, 0, 232, 53
10.14, 300, 0, 317, 46
10.145, 300, 0, 240, 39
10.15, 300, 0, 221, 33
10.156, 300, 0, 247, 27
10.161, 300, 0, 265, 23
10.165, 300, 0, 268, 21
10.17, 300, 0, 258, 20
10.175, 300, 0, 256, 17
10.181, 300, 0, 255, 17
10.185, 300, 0, 260, 15
10.19, 300, 0, 264, 15
10.196, 300, 0, 262, 0
10.2, 300, 0, 263, 0
10.205, 300, 0, 265, 0
10.21, 300, 0, 266, 0
10.216, 300, 0, 267, 0
10.221, 300, 0, 268, 0
10.226, 300, 0, 268, 0
10.231, 300, 0, 268, 0
10.235, 300, 0, 269, 0
10.24, 300, 0, 270, 0
10.245, 300, 0, 270, 0
10.25, 300, 0, 270, 0
10.256, 300, 0, 272, 0
10.26, 300, 0, 272, 0
10.266, 300, 0, 272, 0
10.27, 0, 300, 273, 0
10.276, 0, 300, 274, 0
10.281, 0, 300, 269, 0
10.285, 0, 300, 249, 0
10.29, 0, 300, 240, 0
10.296, 0, 300, 235, 0
10.3, 0, 300, 232, 23
10.305, 0, 300, 230, 25
10.31, 0, 300, 228, 47
10.315, 0, 300, 227, 360
10.321, 0, 300, 227, 147
10.326, 0, 300, 226, 93
10.33, 0, 300, 214, 133
10.336, 0, 300, 190, 333
10.341, 0, 300, 168, 180
10.346, 0, 300, 152, 146
10.35, 0, 300, 141, 212
10.357, 0, 300, 132, 279
10.361, 0, 300, 122, 210
10.366, 0, 300, 116, 195
10.371, 0, 300, 97, 224
10.376, 0, 300, 80, 245
10.381, 0, 300, 68, 248
10.385, 0, 300, 59, 251
10.39, 0, 300, 47, 248
10.396, 0, 300, 41, 254
10.4, 0, 300, 34, 257
10.405, 0, 300, 30, 258
10.41, 0, 300, 25, 259
10.416, 0, 300, 22, 262
10.421, 0, 300, 20, 264
10.425, 0, 300, 19, 265
10.43, 0, 300, 17, 267
10.435, 0, 300, 15, 268
10.44, 0, 300, 0, 269
10.445, 0, 300, 0, 270
10.451, 0, 300, 0, 272
10.456, 0, 300, 0, 273
10.461, 0, 300, 0, 274
10.466, 0, 300, 0, 275
10.471, 0, 300, 0, 275
10.476, 0, 300, 0, 276
10.481, 0, 300, 0, 276
10.486, 0, 300, 0, 277
10.492, 0, 300, 0, 277
10.497, 0, 300, 0, 278
10.502, 0, 300, 0, 278
10.506, 0, 300, 0, 279
10.511, 0, 300, 0, 279
10.516, 0, 300, 0, 279
10.521, 300, 0, 0, 279
10.525, 300, 0, 0, 280
10.53, 300, 0, 0, 276
10.536, 300, 0, 0, 256
10.541, 300, 0, 0, 245
10.545, 300, 0, 0, 236
10.55, 300, 0, 21, 233
10.556, 300, 0, 23, 230
10.56, 300, 0, 29, 228
10.565, 300, 0, 339, 226
10.57, 300, 0, 151, 226
10.575, 300, 0, 90, 209
10.58, 300, 0, 170, 186
10.585, 300, 0, 276, 166
10.59, 300, 0, 138, 154
10.595, 300, 0, 303, 140
10.6, 300, 0, 257, 132
10.605, 300, 0, 159, 121
10.61, 300, 0, 162, 116
10.615, 300, 0, 285, 104
10.621, 300, 0, 264, 91
10.625, 300, 0, 193, 74
10.63, 300, 0, 187, 66
10.635, 300, 0, 350, 53
10.64, 300, 0, 285, 47
10.645, 300, 0, 224, 38
10.65, 300, 0, 213, 33
10.655, 300, 0, 278, 28
10.66, 300, 0, 291, 25
10.665, 300, 0, 253, 21
10.67, 300, 0, 247, 20
10.676, 300, 0, 243, 17
10.68, 300, 0, 247, 17
10.685, 300, 0, 264, 15
10.69, 300, 0, 267, 15
10.696, 300, 0, 267, 0
10.7, 300, 0, 269, 0
10.706, 300, 0, 271, 0
10.71, 300, 0, 273, 0
10.716, 300, 0, 274, 0
10.721, 300, 0, 273, 0
10.726, 300, 0, 272, 0
10.731, 300, 0, 273, 0
10.736, 300, 0, 274, 0
10.74, 300, 0, 275, 0
10.746, 300, 0, 276, 0
10.75, 300, 0, 276, 0
10.756, 300, 0, 276, 0
10.761, 300, 0, 277, 0
10.766, 300, 0, 277, 0
10.772, 0, 300, 277, 0
10.776, 0, 300, 276, 0
10.781, 0, 300, 271, 0
10.786, 0, 300, 257, 0
10.791, 0, 300, 241, 0
10.795, 0, 300, 237, 0
10.8, 0, 300, 234, 0
10.805, 0, 300, 231, 25
10.81, 0, 300, 230, 24
10.815, 0, 300, 229, 366
10.82, 0, 300, 228, 223
10.825, 0, 300, 227, 108
10.83, 0, 300, 212, 116
10.836, 0, 300, 181, 214
10.841, 0, 300, 168, 192
10.845, 0, 300, 156, 188
10.85, 0, 300, 142, 194
10.856, 0, 300, 132, 194
10.861, 0, 300, 123, 200
10.865, 0, 300, 110, 210
10.871, 0, 300, 96, 214
10.876, 0, 300, 84, 222
10.881, 0, 300, 67, 229
10.885, 0, 300, 58, 236
10.89, 0, 300, 48, 241
10.896, 0, 300, 39, 249
10.901, 0, 300, 34, 253
10.905, 0, 300, 30, 258
10.911, 0, 300, 25, 260
10.916, 0, 300, 22, 264
10.921, 0, 300, 20, 265
10.925, 0, 300, 18, 267
10.931, 0, 300, 17, 268
10.936, 0, 300, 15, 269
10.94, 0, 300, 0, 270
10.945, 0, 300, 0, 272
10.95, 0, 300, 0, 273
10.956, 0, 300, 0, 274
10.961, 0, 300, 0, 274
10.966, 0, 300, 0, 275
10.971, 0, 300, 0, 276
10.976, 0, 300, 0, 276
10.981, 0, 300, 0, 277
10.985, 0, 300, 0, 278
10.991, 0, 300, 0, 278
10.996, 0, 300, 0, 278
11.001, 0, 300, 0, 279
11.006, 0, 300, 0, 280
11.01, 0, 300, 0, 280
11.016, 0, 300, 0, 280
11.021, 300, 0, 0, 281
11.026, 300, 0, 0, 281
11.031, 300, 0, 0, 276
11.036, 300, 0, 0, 257
11.041, 300, 0, 0, 246
11.046, 300, 0, 0, 236
11.051, 300, 0, 22, 233
11.056, 300, 0, 23, 230
11.061, 300, 0, 28, 228
11.065, 300, 0, 375, 225
11.07, 300, 0, 155, 225
11.076, 300, 0, 102, 208
11.081, 300, 0, 106, 186
11.086, 300, 0, 373, 166
11.09, 300, 0, 174, 154
11.096, 300, 0, 127, 140
11.101, 300, 0, 213, 132
11.105, 300, 0, 381, 121
11.11, 300, 0, 187, 116
11.116, 300, 0, 166, 105
11.121, 300, 0, 263, 92
11.125, 300, 0, 292, 75
11.13, 300, 0, 211, 67
11.136, 300, 0, 198, 54
11.14, 300, 0, 274, 47
11.145, 300, 0, 286, 39
11.15, 300, 0, 237, 33
11.155, 300, 0, 224, 27
11.16, 300, 0, 255, 24
11.165, 300, 0, 265, 21
11.171, 300, 0, 260, 19
11.176, 300, 0, 258, 18
11.181, 300, 0, 256, 17
11.186, 300, 0, 259, 15
11.191, 300, 0, 263, 15
11.196, 300, 0, 264, 0
11.201, 300, 0, 263, 0
11.205, 300, 0, 265, 0
11.211, 300, 0, 266, 0
11.216, 300, 0, 266, 0
11.221, 300, 0, 267, 0
11.226, 300, 0, 268, 0
11.231, 300, 0, 268, 0
11.236, 300, 0, 269, 0
11.241, 300, 0, 269, 0
11.246, 300, 0, 270, 0
11.251, 300, 0, 270, 0
11.256, 300, 0, 271, 0
11.261, 300, 0, 272, 0
11.266, 300, 0, 272, 0
11.27, 0, 300, 273, 0
11.275, 0, 300, 273, 0
11.28, 0, 300, 268, 0
11.285, 0, 300, 254, 0
11.29, 0, 300, 239, 0
11.296, 0, 300, 233, 0
11.3, 0, 300, 231, 22
11.306, 0, 300, 230, 25
11.311, 0, 300, 228, 232
11.316, 0, 300, 227, 369
11.321, 0, 300, 226, 124
11.325, 0, 300, 224, 96
11.33, 0, 300, 213, 119
11.335, 0, 300, 188, 352
11.34, 0, 300, 167, 192
11.345, 0, 300, 151, 151
11.35, 0, 300, 140, 155
11.355, 0, 300, 129, 317
11.361, 0, 300, 122, 247
11.365, 0, 300, 115, 201
11.37, 0, 300, 96, 203
11.376, 0, 300, 84, 241
11.38, 0, 300, 68, 248
11.385, 0, 300, 55, 250
11.39, 0, 300, 48, 251
11.396, 0, 300, 39, 253
11.401, 0, 300, 34, 257
11.406, 0, 300, 30, 260
11.41, 0, 300, 25, 260
11.416, 0, 300, 22, 262
11.42, 0, 300, 20, 264
11.425, 0, 300, 18, 266
11.431, 0, 300, 17, 267
11.436, 0, 300, 15, 269
11.441, 0, 300, 0, 270
11.446, 0, 300, 0, 272
11.451, 0, 300, 0, 273
11.456, 0, 300, 0, 274
11.461, 0, 300, 0, 275
11.466, 0, 300, 0, 276
11.471, 0, 300, 0, 276
11.476, 0, 300, 0, 277
11.481, 0, 300, 0, 277
11.486, 0, 300, 0, 278
11.49, 0, 300, 0, 279
11.495, 0, 300, 0, 279
11.501, 0, 300, 0, 279
11.505, 0, 300, 0, 280
11.511, 0, 300, 0, 280
11.516, 0, 300, 0, 280
11.521, 300, 0, 0, 280
11.526, 300, 0, 0, 281
11.53, 300, 0, 0, 277
11.536, 300, 0, 0, 256
11.541, 300, 0, 0, 246
11.545, 300, 0, 0, 236
11.55, 300, 0, 21, 233
11.555, 300, 0, 23, 231
11.56, 300, 0, 30, 229
11.566, 300, 0, 330, 227
11.571, 300, 0, 133, 226
11.577, 300, 0, 90, 209
11.581, 300, 0, 313, 187
11.586, 300, 0, 188, 166
11.59, 300, 0, 130, 155
11.596, 300, 0, 120, 140
11.6, 300, 0, 400, 133
11.605, 300, 0, 243, 121
11.61, 300, 0, 166, 116
11.616, 300, 0, 242, 104
11.621, 300, 0, 363, 92
11.626, 300, 0, 242, 75
11.63, 300, 0, 196, 67
11.636, 300, 0, 255, 54
11.64, 300, 0, 315, 48
11.645, 300, 0, 239, 39
11.65, 300, 0, 226, 34
11.655, 300, 0, 234, 27
11.66, 300, 0, 265, 25
11.665, 300, 0, 259, 22
11.67, 300, 0, 257, 20
11.676, 300, 0, 255, 18
11.681, 300, 0, 256, 17
11.685, 300, 0, 259, 15
11.691, 300, 0, 263, 15
11.696, 300, 0, 262, 0
11.7, 300, 0, 263, 0
11.706, 300, 0, 265, 0
11.711, 300, 0, 266, 0
11.716, 300, 0, 267, 0
11.721, 300, 0, 267, 0
11.726, 300, 0, 267, 0
11.73, 300, 0, 268, 0
11.736, 300, 0, 269, 0
11.74, 300, 0, 269, 0
11.745, 300, 0, 270, 0
11.75, 300, 0, 271, 0
11.755, 300, 0, 272, 0
11.76, 300, 0, 272, 0
11.765, 300, 0, 273, 0
11.77, 300, 0, 274, 0
11.776, 0, 300, 274, 0
11.781, 0, 300, 274, 0
11.785, 0, 300, 261, 0
11.79, 0, 300, 249, 0
11.795, 0, 300, 240, 0
11.801, 0, 300, 234, 0
11.805, 0, 300, 232, 24
11.811, 0, 300, 230, 24
11.816, 0, 300, 228, 238
11.821, 0, 300, 227, 375
11.825, 0, 300, 227, 128
11.83, 0, 300, 224, 101
11.837, 0, 300, 213, 200
11.841, 0, 300, 181, 212
11.846, 0, 300, 161, 195
11.851, 0, 300, 152, 197
11.856, 0, 300, 140, 198
11.861, 0, 300, 129, 204
11.865, 0, 300, 122, 209
11.87, 0, 300, 111, 212
11.876, 0, 300, 90, 217
11.881, 0, 300, 79, 225
11.886, 0, 300, 69, 234
11.89, 0, 300, 56, 239
11.896, 0, 300, 45, 246
11.9, 0, 300, 39, 251
11.905, 0, 300, 32, 257
11.91, 0, 300, 28, 259
11.915, 0, 300, 26, 263
11.921, 0, 300, 23, 264
11.926, 0, 300, 20, 267
11.931, 0, 300, 18, 268
11.936, 0, 300, 16, 269
11.941, 0, 300, 15, 270
11.946, 0, 300, 0, 271
11.951, 0, 300, 0, 273
11.956, 0, 300, 0, 274
11.961, 0, 300, 0, 274
11.966, 0, 300, 0, 276
11.97, 0, 300, 0, 276
11.976, 0, 300, 0, 277
11.981, 0, 300, 0, 277
11.985, 0, 300, 0, 278
11.99, 0, 300, 0, 278
11.995, 0, 300, 0, 278
12, 0, 300, 0, 279
12.005, 0, 300, 0, 279
12.01, 0, 300, 0, 279
12.015, 0, 300, 0, 280
12.02, 0, 300, 0, 280
12.025, 300, 0, 0, 280
12.03, 300, 0, 0, 280
12.036, 300, 0, 0, 276
12.041, 300, 0, 0, 262
12.045, 300, 0, 0, 245
12.05, 300, 0, 0, 238
12.055, 300, 0, 22, 233
12.06, 300, 0, 23, 231
12.065, 300, 0, 27, 228
12.07, 300, 0, 374, 227
12.076, 300, 0, 119, 226
12.08, 300, 0, 90, 220
12.085, 300, 0, 320, 185
12.09, 300, 0, 316, 172
12.096, 300, 0, 139, 153
12.101, 300, 0, 125, 144
12.106, 300, 0, 371, 131
12.111, 300, 0, 253, 124
12.116, 300, 0, 168, 116
12.121, 300, 0, 169, 109
12.125, 300, 0, 345, 90
12.13, 300, 0, 255, 80
12.136, 300, 0, 200, 67
12.141, 300, 0, 203, 58
12.145, 300, 0, 282, 46
12.15, 300, 0, 283, 41
12.155, 300, 0, 248, 33
12.16, 300, 0, 240, 30
12.165, 300, 0, 241, 25
12.171, 300, 0, 247, 22
12.176, 300, 0, 253, 20
12.181, 300, 0, 254, 18
12.186, 300, 0, 255, 17
12.191, 300, 0, 257, 16
12.196, 300, 0, 261, 15
12.201, 300, 0, 262, 0
12.206, 300, 0, 264, 0
12.211, 300, 0, 265, 0
12.216, 300, 0, 266, 0
12.221, 300, 0, 268, 0
12.225, 300, 0, 270, 0
12.231, 300, 0, 271, 0
12.236, 300, 0, 271, 0
12.241, 300, 0, 273, 0
12.246, 300, 0, 274, 0
12.251, 300, 0, 274, 0
12.256, 300, 0, 275, 0
12.261, 300, 0, 275, 0
12.265, 300, 0, 276, 0
12.27, 300, 0, 276, 0
12.276, 0, 300, 276, 0
12.281, 0, 300, 277, 0
12.286, 0, 300, 264, 0
12.29, 0, 300, 250, 0
12.295, 0, 300, 240, 0
12.3, 0, 300, 234, 0
12.306, 0, 300, 232, 23
12.31, 0, 300, 230, 25
12.315, 0, 300, 228, 43
12.32, 0, 300, 227, 351
12.325, 0, 300, 227, 139
12.33, 0, 300, 224, 100
12.336, 0, 300, 199, 224
12.34, 0, 300, 180, 323
12.345, 0, 300, 161, 162
12.35, 0, 300, 150, 145
12.356, 0, 300, 136, 262
12.36, 0, 300, 127, 237
12.365, 0, 300, 119, 202
12.371, 0, 300, 111, 196
12.377, 0, 300, 89, 229
12.381, 0, 300, 78, 243
12.386, 0, 300, 63, 246
12.391, 0, 300, 56, 249
12.396, 0, 300, 45, 248
12.401, 0, 300, 39, 253
12.405, 0, 300, 34, 256
12.41, 0, 300, 29, 256
12.416, 0, 300, 25, 259
12.421, 0, 300, 22, 261
12.426, 0, 300, 19, 263
12.431, 0, 300, 18, 265
12.436, 0, 300, 17, 267
12.441, 0, 300, 15, 268
12.446, 0, 300, 0, 269
12.45, 0, 300, 0, 270
12.456, 0, 300, 0, 271
12.461, 0, 300, 0, 272
12.466, 0, 300, 0, 273
12.47, 0, 300, 0, 274
12.476, 0, 300, 0, 275
12.481, 0, 300, 0, 275
12.485, 0, 300, 0, 276
12.49, 0, 300, 0, 277
12.496, 0, 300, 0, 277
12.5, 0, 300, 0, 278
12.506, 0, 300, 0, 278
12.511, 0, 300, 0, 279
12.516, 0, 300, 0, 279
12.521, 0, 300, 0, 279
12.526, 0, 300, 0, 280
